Clock Period (ns),Frequency (MHz),Total Area (um2),Gate Count (Kgates),Total Power (uW),Slack (ns),Leakage (uW),Dynamic (mW),Efficiency uW/MHz
4.0,250.0,29803.704,37.255,886.0255,0.0,399.9767,0.486049,3.544102
5.0,200.0,28796.894,35.996,861.9722,0.0,380.8296,0.481142,4.309861
6.67,149.925,28685.174,35.856,858.2563,1.11,377.5625,0.480694,5.72457
10.0,100.0,28672.406,35.841,857.6845,3.89,377.0623,0.480622,8.576845
